<?xml version="1.0" encoding="utf-8"?><ConsultarLoteRpsResposta xmlns="http://www.abrasf.org.br/nfse.xsd" xmlns:ns2="http://www.w3.org/2000/09/xmldsig#">
    <Situacao>4</Situacao>
    <ListaNfse>
        <CompNfse>
            <Nfse versao="2.01">
                <InfNfse Id="1710006">
                    <Numero>00000037</Numero>
                    <CodigoVerificacao>391CE8E9-0CD2-47A4-A67F-A7474CF3B776</CodigoVerificacao>
                    <DataEmissao>2018-03-05T18:09:24.557-03:00</DataEmissao>
                    <OutrasInformacoes></OutrasInformacoes>
                    <ValoresNfse>
                        <BaseCalculo>2164.33</BaseCalculo>
                        <Aliquota>2.00</Aliquota>
                        <ValorIss>43.29</ValorIss>
                        <ValorLiquidoNfse>2031.23</ValorLiquidoNfse>
                    </ValoresNfse>
                    <ValorCredito>0</ValorCredito>
                    <PrestadorServico>
                        <IdentificacaoPrestador>
                            <CpfCnpj>
                                <Cnpj>11677441000300</Cnpj>
                            </CpfCnpj>
                            <InscricaoMunicipal>132891600</InscricaoMunicipal>
                        </IdentificacaoPrestador>
                        <RazaoSocial>RADIX ENGENHARIA DE DESENVOLVIMENTO DE SOFTWARE S/A</RazaoSocial>
                        <NomeFantasia>RADIX</NomeFantasia>
                        <Endereco>
                            <Endereco>DR. MARCO PAULO SIMON JARDIM</Endereco>
                            <Numero>3580</Numero>
                            <Bairro>MINA DE AGUAS CLARAS</Bairro>
                            <Uf>MG</Uf>
                            <CodigoPais>1058</CodigoPais>
                            <Cep>34006270</Cep>
                        </Endereco>
                        <Contato>
                            <Telefone>37251145</Telefone>
                            <Email>clsilvacarvalho@uol.com.br</Email>
                        </Contato>
                    </PrestadorServico>
                    <OrgaoGerador>
                        <CodigoMunicipio>3144805</CodigoMunicipio>
                        <Uf>MG</Uf>
                    </OrgaoGerador>
                    <DeclaracaoPrestacaoServico>
                        <InfDeclaracaoPrestacaoServico>
                            <Rps Id="116774410003001328916001710006">
                                <IdentificacaoRps>
                                    <Numero>37</Numero>
                                    <Serie>E</Serie>
                                    <Tipo>1</Tipo>
                                </IdentificacaoRps>
                                <DataEmissao>2018-03-05-03:00</DataEmissao>
                                <Status>1</Status>
                            </Rps>
                            <Competencia>2018-03-05-03:00</Competencia>
                            <Servico>
                                <Valores>
                                    <ValorServicos>2164.33</ValorServicos>
                                    <ValorDeducoes>0.00</ValorDeducoes>
                                    <ValorPis>14.07</ValorPis>
                                    <ValorCofins>64.93</ValorCofins>
                                    <ValorInss>0.00</ValorInss>
                                    <ValorIr>32.46</ValorIr>
                                    <ValorCsll>21.64</ValorCsll>
                                    <OutrasRetencoes>0.00</OutrasRetencoes>
                                    <ValorIss>43.29</ValorIss>
                                    <Aliquota>2.00</Aliquota>
                                    <DescontoIncondicionado>0.00</DescontoIncondicionado>
                                    <DescontoCondicionado>0.00</DescontoCondicionado>
                                </Valores>
                                <IssRetido>2</IssRetido>
                                <ResponsavelRetencao>2</ResponsavelRetencao>
                                <ItemListaServico>104</ItemListaServico>
                                <CodigoCnae>6201501</CodigoCnae>
                                <Discriminacao>SERV REF PROJ VAL-2013-002-13001-MELHORIASAUTOMACAO-PARAOPEBA-I   
Nº RF: 6200645135
Nº Contrato: 5900008201
Nº Pedido/item: 4504200642/00010
Nº FRS: 1002520507
LUCAS SOUZA E FLAVIO COSTA        
Mina de Mutuca - Complexo Paraopeba I 
Fazenda Mutuca, s/nº, Mutuca. Nova Lima/MG. 
CEP: 34000-000 / Cod. Domic. Fisc. MG 3144805
BANCO ITAU  341 AG 8159 CC 00008-5
</Discriminacao>
                                <CodigoMunicipio>3144805</CodigoMunicipio>
                                <CodigoPais>1058</CodigoPais>
                                <ExigibilidadeISS>1</ExigibilidadeISS>
                                <MunicipioIncidencia>3144805</MunicipioIncidencia>
                            </Servico>
                            <Prestador>
                                <CpfCnpj>
                                    <Cnpj>11677441000300</Cnpj>
                                </CpfCnpj>
                                <InscricaoMunicipal>132891600</InscricaoMunicipal>
                            </Prestador>
                            <Tomador>
                                <IdentificacaoTomador>
                                    <CpfCnpj>
                                        <Cnpj>33592510003501</Cnpj>
                                    </CpfCnpj>
                                    <InscricaoMunicipal>131390413</InscricaoMunicipal>
                                </IdentificacaoTomador>
                                <RazaoSocial>VALE S.A</RazaoSocial>
                                <Endereco>
                                    <Endereco>RUA SEM DENOMINAÇÃO, SN FAZENDA DA MUTUCA - CADASTRO INTERNO, NOVA LIMA 34000000 - MG</Endereco>
                                    <Numero>SN</Numero>
                                    <Complemento>FAZENDA DA MUTUCA</Complemento>
                                    <Bairro>CADASTRO INTERNO</Bairro>
                                    <CodigoMunicipio>3144805</CodigoMunicipio>
                                    <Uf>MG</Uf>
                                    <CodigoPais>1058</CodigoPais>
                                    <Cep>34000000</Cep>
                                </Endereco>
                                <Contato>
                                    <Telefone>3132899569</Telefone>
                                    <Email>nfe@quadrem.net</Email>
                                </Contato>
                            </Tomador>
                            <OptanteSimplesNacional>2</OptanteSimplesNacional>
                            <IncentivoFiscal>2</IncentivoFiscal>
                            <Producao>1</Producao>
                        </InfDeclaracaoPrestacaoServico>
                    </DeclaracaoPrestacaoServico>
                </InfNfse>
            </Nfse>
        </CompNfse>
    </ListaNfse>
</ConsultarLoteRpsResposta>