<?xml version="1.0" encoding="utf-8"?><ConsultarLoteRpsResposta xmlns="http://www.abrasf.org.br/nfse.xsd" xmlns:ns2="http://www.w3.org/2000/09/xmldsig#">
    <Situacao>4</Situacao>
    <ListaNfse>
        <CompNfse>
            <Nfse versao="2.01">
                <InfNfse Id="1709999">
                    <Numero>00000033</Numero>
                    <CodigoVerificacao>BE45647A-8E08-402B-960E-CCE8AF16EEFB</CodigoVerificacao>
                    <DataEmissao>2018-03-05T18:00:44.520-03:00</DataEmissao>
                    <OutrasInformacoes></OutrasInformacoes>
                    <ValoresNfse>
                        <BaseCalculo>40.81</BaseCalculo>
                        <Aliquota>2.00</Aliquota>
                        <ValorIss>0.82</ValorIss>
                        <ValorLiquidoNfse>38.30</ValorLiquidoNfse>
                    </ValoresNfse>
                    <ValorCredito>0</ValorCredito>
                    <PrestadorServico>
                        <IdentificacaoPrestador>
                            <CpfCnpj>
                                <Cnpj>11677441000300</Cnpj>
                            </CpfCnpj>
                            <InscricaoMunicipal>132891600</InscricaoMunicipal>
                        </IdentificacaoPrestador>
                        <RazaoSocial>RADIX ENGENHARIA DE DESENVOLVIMENTO DE SOFTWARE S/A</RazaoSocial>
                        <NomeFantasia>RADIX</NomeFantasia>
                        <Endereco>
                            <Endereco>DR. MARCO PAULO SIMON JARDIM</Endereco>
                            <Numero>3580</Numero>
                            <Bairro>MINA DE AGUAS CLARAS</Bairro>
                            <Uf>MG</Uf>
                            <CodigoPais>1058</CodigoPais>
                            <Cep>34006270</Cep>
                        </Endereco>
                        <Contato>
                            <Telefone>37251145</Telefone>
                            <Email>clsilvacarvalho@uol.com.br</Email>
                        </Contato>
                    </PrestadorServico>
                    <OrgaoGerador>
                        <CodigoMunicipio>3144805</CodigoMunicipio>
                        <Uf>MG</Uf>
                    </OrgaoGerador>
                    <DeclaracaoPrestacaoServico>
                        <InfDeclaracaoPrestacaoServico>
                            <Rps Id="116774410003001328916001709999">
                                <IdentificacaoRps>
                                    <Numero>33</Numero>
                                    <Serie>E</Serie>
                                    <Tipo>1</Tipo>
                                </IdentificacaoRps>
                                <DataEmissao>2018-03-05-03:00</DataEmissao>
                                <Status>1</Status>
                            </Rps>
                            <Competencia>2018-03-05-03:00</Competencia>
                            <Servico>
                                <Valores>
                                    <ValorServicos>40.81</ValorServicos>
                                    <ValorDeducoes>0.00</ValorDeducoes>
                                    <ValorPis>0.27</ValorPis>
                                    <ValorCofins>1.22</ValorCofins>
                                    <ValorInss>0.00</ValorInss>
                                    <ValorIr>0.61</ValorIr>
                                    <ValorCsll>0.41</ValorCsll>
                                    <OutrasRetencoes>0.00</OutrasRetencoes>
                                    <ValorIss>0.82</ValorIss>
                                    <Aliquota>2.00</Aliquota>
                                    <DescontoIncondicionado>0.00</DescontoIncondicionado>
                                    <DescontoCondicionado>0.00</DescontoCondicionado>
                                </Valores>
                                <IssRetido>2</IssRetido>
                                <ResponsavelRetencao>2</ResponsavelRetencao>
                                <ItemListaServico>104</ItemListaServico>
                                <CodigoCnae>6201501</CodigoCnae>
                                <Discriminacao>SERV REF PROJ VAL-2013-002-13001-MELHORIASAUTOMACAO-VARGEMGRANDE   
Nº RF: 6200644763
Nº Contrato: 5900008201
Nº Pedido/item: 4504200644/00010
Nº FRS: 1002520509
LUCAS SOUZA E FLAVIO COSTA        
MINA DO CAPITAO DO MATO-COMPLEXO  MINERADOR DE VARGEM GRANDE      
FAZ.CAP. DO MATO S/N ZONA RURAL    NOVA LIMA/MG CEP 34000-000        
COD.DOMIC.FISC.MG 3144805         
BANCO ITAU  341 AG 8159 CC 00008-5
</Discriminacao>
                                <CodigoMunicipio>3144805</CodigoMunicipio>
                                <CodigoPais>1058</CodigoPais>
                                <ExigibilidadeISS>1</ExigibilidadeISS>
                                <MunicipioIncidencia>3144805</MunicipioIncidencia>
                            </Servico>
                            <Prestador>
                                <CpfCnpj>
                                    <Cnpj>11677441000300</Cnpj>
                                </CpfCnpj>
                                <InscricaoMunicipal>132891600</InscricaoMunicipal>
                            </Prestador>
                            <Tomador>
                                <IdentificacaoTomador>
                                    <CpfCnpj>
                                        <Cnpj>33592510003412</Cnpj>
                                    </CpfCnpj>
                                    <InscricaoMunicipal>130291084</InscricaoMunicipal>
                                </IdentificacaoTomador>
                                <RazaoSocial>VALE S/A</RazaoSocial>
                                <Endereco>
                                    <Endereco>EST RIO DE PEIXE CAPITÃO DO MATO - CADASTRO INTERNO, NOVA LIMA 34000000 - MG</Endereco>
                                    <Complemento> CAPITÃO DO MATO</Complemento>
                                    <Bairro>CADASTRO INTERNO</Bairro>
                                    <Uf>MG</Uf>
                                    <CodigoPais>1058</CodigoPais>
                                    <Cep>34000000</Cep>
                                </Endereco>
                                <Contato>
                                    <Telefone>32154643</Telefone>
                                </Contato>
                            </Tomador>
                            <OptanteSimplesNacional>2</OptanteSimplesNacional>
                            <IncentivoFiscal>2</IncentivoFiscal>
                            <Producao>1</Producao>
                        </InfDeclaracaoPrestacaoServico>
                    </DeclaracaoPrestacaoServico>
                </InfNfse>
            </Nfse>
        </CompNfse>
    </ListaNfse>
</ConsultarLoteRpsResposta>