<?xml version="1.0" encoding="utf-8"?><ConsultarLoteRpsResposta xmlns="http://www.abrasf.org.br/nfse.xsd" xmlns:ns2="http://www.w3.org/2000/09/xmldsig#">
    <Situacao>4</Situacao>
    <ListaNfse>
        <CompNfse>
            <Nfse versao="2.01">
                <InfNfse Id="1709995">
                    <Numero>00000032</Numero>
                    <CodigoVerificacao>7F049BBF-A9C9-4F3E-8FD3-4AD85242EF7C</CodigoVerificacao>
                    <DataEmissao>2018-03-05T17:58:17.490-03:00</DataEmissao>
                    <OutrasInformacoes></OutrasInformacoes>
                    <ValoresNfse>
                        <BaseCalculo>14586.47</BaseCalculo>
                        <Aliquota>2.00</Aliquota>
                        <ValorIss>291.73</ValorIss>
                        <ValorLiquidoNfse>12084.90</ValorLiquidoNfse>
                    </ValoresNfse>
                    <ValorCredito>0</ValorCredito>
                    <PrestadorServico>
                        <IdentificacaoPrestador>
                            <CpfCnpj>
                                <Cnpj>11677441000300</Cnpj>
                            </CpfCnpj>
                            <InscricaoMunicipal>132891600</InscricaoMunicipal>
                        </IdentificacaoPrestador>
                        <RazaoSocial>RADIX ENGENHARIA DE DESENVOLVIMENTO DE SOFTWARE S/A</RazaoSocial>
                        <NomeFantasia>RADIX</NomeFantasia>
                        <Endereco>
                            <Endereco>DR. MARCO PAULO SIMON JARDIM</Endereco>
                            <Numero>3580</Numero>
                            <Bairro>MINA DE AGUAS CLARAS</Bairro>
                            <Uf>MG</Uf>
                            <CodigoPais>1058</CodigoPais>
                            <Cep>34006270</Cep>
                        </Endereco>
                        <Contato>
                            <Telefone>37251145</Telefone>
                            <Email>clsilvacarvalho@uol.com.br</Email>
                        </Contato>
                    </PrestadorServico>
                    <OrgaoGerador>
                        <CodigoMunicipio>3144805</CodigoMunicipio>
                        <Uf>MG</Uf>
                    </OrgaoGerador>
                    <DeclaracaoPrestacaoServico>
                        <InfDeclaracaoPrestacaoServico>
                            <Rps Id="116774410003001328916001709995">
                                <IdentificacaoRps>
                                    <Numero>32</Numero>
                                    <Serie>E</Serie>
                                    <Tipo>1</Tipo>
                                </IdentificacaoRps>
                                <DataEmissao>2018-03-05-03:00</DataEmissao>
                                <Status>1</Status>
                            </Rps>
                            <Competencia>2018-03-05-03:00</Competencia>
                            <Servico>
                                <Valores>
                                    <ValorServicos>14586.47</ValorServicos>
                                    <ValorDeducoes>0.00</ValorDeducoes>
                                    <ValorPis>94.81</ValorPis>
                                    <ValorCofins>437.59</ValorCofins>
                                    <ValorInss>1604.51</ValorInss>
                                    <ValorIr>218.80</ValorIr>
                                    <ValorCsll>145.86</ValorCsll>
                                    <OutrasRetencoes>0.00</OutrasRetencoes>
                                    <ValorIss>291.73</ValorIss>
                                    <Aliquota>2.00</Aliquota>
                                    <DescontoIncondicionado>0.00</DescontoIncondicionado>
                                    <DescontoCondicionado>0.00</DescontoCondicionado>
                                </Valores>
                                <IssRetido>2</IssRetido>
                                <ResponsavelRetencao>2</ResponsavelRetencao>
                                <ItemListaServico>104</ItemListaServico>
                                <CodigoCnae>6201501</CodigoCnae>
                                <Discriminacao>SERV REF PROJ VAL-2013-002-13001-MELHORIASAUTOMACAO-VARGEMGRANDE   
Nº RF: 6200644762
Nº Contrato: 5900008201
Nº Pedido/item: 4504200643/00010
Nº FRS: 1002520508
LUCAS SOUZA E FLAVIO COSTA        
Usina de Vargem Grande - Complexo Minerador de Vargem Grande 
Fazenda Rio de Peixe, s/nº, Zona Rural. Nova Lima/MG. 
CEP: 34000-000 / Cod. Domic. Fisc. MG 3144805
BANCO ITAU  341 AG 8159 CC 00008-5
</Discriminacao>
                                <CodigoMunicipio>3144805</CodigoMunicipio>
                                <CodigoPais>1058</CodigoPais>
                                <ExigibilidadeISS>1</ExigibilidadeISS>
                                <MunicipioIncidencia>3144805</MunicipioIncidencia>
                            </Servico>
                            <Prestador>
                                <CpfCnpj>
                                    <Cnpj>11677441000300</Cnpj>
                                </CpfCnpj>
                                <InscricaoMunicipal>132891600</InscricaoMunicipal>
                            </Prestador>
                            <Tomador>
                                <IdentificacaoTomador>
                                    <CpfCnpj>
                                        <Cnpj>33592510003412</Cnpj>
                                    </CpfCnpj>
                                    <InscricaoMunicipal>130291038</InscricaoMunicipal>
                                </IdentificacaoTomador>
                                <RazaoSocial>VALE S.A</RazaoSocial>
                                <Endereco>
                                    <Endereco>RUA FAZENDA RIO DE PEIXEVARGEM GRANDE - CADASTRO INTERNO, NOVA LIMA 34000000 - MG</Endereco>
                                    <Complemento>VARGEM GRANDE</Complemento>
                                    <Bairro>CADASTRO INTERNO</Bairro>
                                    <Uf>MG</Uf>
                                    <CodigoPais>1058</CodigoPais>
                                    <Cep>34000000</Cep>
                                </Endereco>
                                <Contato>
                                    <Telefone>32154643</Telefone>
                                    <Email>erico.pedrini@vale.com</Email>
                                </Contato>
                            </Tomador>
                            <OptanteSimplesNacional>2</OptanteSimplesNacional>
                            <IncentivoFiscal>2</IncentivoFiscal>
                            <Producao>1</Producao>
                        </InfDeclaracaoPrestacaoServico>
                    </DeclaracaoPrestacaoServico>
                </InfNfse>
            </Nfse>
        </CompNfse>
    </ListaNfse>
</ConsultarLoteRpsResposta>