<?xml version="1.0" encoding="utf-8"?><ConsultarLoteRpsResposta xmlns="http://www.abrasf.org.br/nfse.xsd" xmlns:ns2="http://www.w3.org/2000/09/xmldsig#">
    <Situacao>4</Situacao>
    <ListaNfse>
        <CompNfse>
            <Nfse versao="2.01">
                <InfNfse Id="1709170">
                    <Numero>00004414</Numero>
                    <CodigoVerificacao>D8E9F411-FA76-4E97-A0C9-9ED9C02374BD</CodigoVerificacao>
                    <DataEmissao>2018-03-05T14:28:34.830-03:00</DataEmissao>
                    <OutrasInformacoes></OutrasInformacoes>
                    <ValoresNfse>
                        <BaseCalculo>99887.88</BaseCalculo>
                        <Aliquota>3.00</Aliquota>
                        <ValorIss>2996.64</ValorIss>
                        <ValorLiquidoNfse>94954.11</ValorLiquidoNfse>
                    </ValoresNfse>
                    <ValorCredito>0</ValorCredito>
                    <PrestadorServico>
                        <IdentificacaoPrestador>
                            <CpfCnpj>
                                <Cnpj>86528700000179</Cnpj>
                            </CpfCnpj>
                            <InscricaoMunicipal>132791149</InscricaoMunicipal>
                        </IdentificacaoPrestador>
                        <RazaoSocial>REAL GUINDASTES E EQUIPAMENTOS LTDA</RazaoSocial>
                        <Endereco>
                            <Endereco>TORONTO</Endereco>
                            <Numero>1629</Numero>
                            <Complemento>ANDAR 2 E 3</Complemento>
                            <Bairro>JARDIM CANADA</Bairro>
                            <Uf>MG</Uf>
                            <CodigoPais>1058</CodigoPais>
                            <Cep>34007658</Cep>
                        </Endereco>
                        <Contato>
                            <Telefone>33335757</Telefone>
                            <Email>alessandra.marinho@realguindastes.com</Email>
                        </Contato>
                    </PrestadorServico>
                    <OrgaoGerador>
                        <CodigoMunicipio>3144805</CodigoMunicipio>
                        <Uf>MG</Uf>
                    </OrgaoGerador>
                    <DeclaracaoPrestacaoServico>
                        <InfDeclaracaoPrestacaoServico>
                            <Rps Id="865287000001791327911491709170">
                                <IdentificacaoRps>
                                    <Numero>4414</Numero>
                                    <Serie>A</Serie>
                                    <Tipo>1</Tipo>
                                </IdentificacaoRps>
                                <DataEmissao>2018-03-05-03:00</DataEmissao>
                                <Status>1</Status>
                            </Rps>
                            <Competencia>2018-03-05-03:00</Competencia>
                            <Servico>
                                <Valores>
                                    <ValorServicos>99887.88</ValorServicos>
                                    <ValorDeducoes>0.00</ValorDeducoes>
                                    <ValorPis>0.00</ValorPis>
                                    <ValorCofins>0.00</ValorCofins>
                                    <ValorInss>1937.13</ValorInss>
                                    <ValorIr>0.00</ValorIr>
                                    <ValorCsll>0.00</ValorCsll>
                                    <OutrasRetencoes>0.00</OutrasRetencoes>
                                    <ValorIss>2996.64</ValorIss>
                                    <Aliquota>3.00</Aliquota>
                                    <DescontoIncondicionado>0.00</DescontoIncondicionado>
                                    <DescontoCondicionado>0.00</DescontoCondicionado>
                                </Valores>
                                <IssRetido>1</IssRetido>
                                <ResponsavelRetencao>1</ResponsavelRetencao>
                                <ItemListaServico>1104</ItemListaServico>
                                <CodigoCnae>5212500</CodigoCnae>
                                <Discriminacao>PREST DE SERV C/ GUINDASTES P/ TRANSPORTE  DE CARGAS NA VERT E HORIZONTAL (CARGA, DESCARGA, IÇAMENTO E MOV)					
					
Equipamento(s): Guindastes  e Guindautos					
Obra/Local: SÃO GONÇALO DO RIO ABAIXO - MG 					
ORDEM Nº 	4504205654				
CONTRATO Nº  5900033275					
FR Nº  1002523204				 	
RF Nº  6200650021					
					
Valor Global de H TRABALHADAS de Guindastes e Guindautos					
Conforme ORDEM Nº  4504205654  -EQPTO: 82,37 = 82.277,65					
					
Valor Global de H HOMEM de Guindastes e Guindautos					
Conforme ORDEM Nº  4504205654  -M.O: 17,63% = 17.610,23					
					
Retenção para Seguridade Social Conforme contrato:					
Calc Retenção: 	 R$ 17.610,23 	X 11%=	R$ 1.937,13		
Obs.:  Base de cálculo da mão de obra  11% sobre 17,63 do valor total dos serviços contidos na nota fiscal. Conforme memória do QQP aba apresentação. Anexo V do contrato nº 5500034122.					
VENCTO:   	05/04/2018				
Código do Serviço - 11.04-Armazenamento, depósito, carga, descarga, arrumação e guarda de bens de qualquer espécie.					
</Discriminacao>
                                <CodigoMunicipio>3161908</CodigoMunicipio>
                                <CodigoPais>1058</CodigoPais>
                                <ExigibilidadeISS>1</ExigibilidadeISS>
                                <MunicipioIncidencia>3161908</MunicipioIncidencia>
                            </Servico>
                            <Prestador>
                                <CpfCnpj>
                                    <Cnpj>86528700000179</Cnpj>
                                </CpfCnpj>
                                <InscricaoMunicipal>132791149</InscricaoMunicipal>
                            </Prestador>
                            <Tomador>
                                <IdentificacaoTomador>
                                    <CpfCnpj>
                                        <Cnpj>33592510044798</Cnpj>
                                    </CpfCnpj>
                                    <InscricaoMunicipal>318311620</InscricaoMunicipal>
                                </IdentificacaoTomador>
                                <RazaoSocial>VALE S/A</RazaoSocial>
                                <Endereco>
                                    <Endereco>SERRA DO MACHADO, S/N ZONA RURAL, SAO GONÇALO DO RIO ABAIXO 35935000 - MG</Endereco>
                                    <Numero>S/N</Numero>
                                    <Bairro>ZONA RURAL</Bairro>
                                    <Uf>MG</Uf>
                                    <CodigoPais>1058</CodigoPais>
                                    <Cep>35935000</Cep>
                                </Endereco>
                                <Contato/>
                            </Tomador>
                            <OptanteSimplesNacional>2</OptanteSimplesNacional>
                            <IncentivoFiscal>2</IncentivoFiscal>
                            <Producao>1</Producao>
                        </InfDeclaracaoPrestacaoServico>
                    </DeclaracaoPrestacaoServico>
                </InfNfse>
            </Nfse>
        </CompNfse>
    </ListaNfse>
</ConsultarLoteRpsResposta>