<?xml version="1.0"?><ConsultarNfseFaixaResposta xmlns:xsd="http://www.w3.org/2001/XMLSchema" xmlns:xsi="http://www.w3.org/2001/XMLSchema-instance" xmlns="http://www.abrasf.org.br/nfse.xsd"><ListaNfse><CompNfse><Nfse versao="2.02"><InfNfse Id="fullsing"><Numero>2466</Numero><CodigoVerificacao>13D91617E5</CodigoVerificacao><DataEmissao>2018-03-01T15:46:00.870234</DataEmissao><ValoresNfse><BaseCalculo>4124.00</BaseCalculo><Aliquota>3.0000</Aliquota><ValorIss>123.72</ValorIss><ValorLiquidoNfse>3631.18</ValorLiquidoNfse></ValoresNfse><PrestadorServico><IdentificacaoPrestador><CpfCnpj><Cnpj>01472377000106</Cnpj></CpfCnpj><InscricaoMunicipal>1457</InscricaoMunicipal></IdentificacaoPrestador><RazaoSocial>RCM LOCACAO DE MAQUINAS LTDA</RazaoSocial><NomeFantasia>RCM LOCACAO DE MAQUINAS LTDA</NomeFantasia><Endereco><Endereco>AV ALBERTO LIMA</Endereco><Numero>2554</Numero><Bairro>SION</Bairro><CodigoMunicipio>3136207</CodigoMunicipio><Uf>MG</Uf><Cep>35931186</Cep></Endereco><Contato><Telefone>3138521234</Telefone><Email>nfeletronica@rcmloc.com.br</Email></Contato></PrestadorServico><OrgaoGerador><CodigoMunicipio>3136207</CodigoMunicipio><Uf>MG</Uf></OrgaoGerador><DeclaracaoPrestacaoServico><InfDeclaracaoPrestacaoServico Id="singtag"><Rps Id="rpssing"><IdentificacaoRps><Numero>2341</Numero><Serie>0</Serie><Tipo>1</Tipo></IdentificacaoRps><DataEmissao>2018-03-01</DataEmissao><Status>1</Status></Rps><Competencia>2018-03-01</Competencia><Servico><Valores><ValorServicos>4124.00</ValorServicos><ValorPis>26.81</ValorPis><ValorCofins>123.72</ValorCofins><ValorInss>136.09</ValorInss><ValorIr>41.24</ValorIr><ValorCsll>41.24</ValorCsll><ValorIss>123.72</ValorIss><Aliquota>3.0000</Aliquota></Valores><IssRetido>1</IssRetido><ItemListaServico>7.10</ItemListaServico><CodigoCnae>7739099</CodigoCnae><CodigoTributacaoMunicipio>7.10</CodigoTributacaoMunicipio><Discriminacao>SERVICOS PRESTADOS NA LIMPEZA INDUSTRIAL DE BLOCOS DOS SEPARADORES MAGNETICOS (JONES), NA MINA DE CONCEICAO, NO
MUNICIPIO DE ITABIRA/MG.

MAO DE OBRA APLICADA (30%) - INSS R$1.237,20
MAT/EQUIPAMENTO (70%) - R$2.886,80

SPS: 2044

RF: 6200641803
PEDIDO: 4503907262/00010
FRS: 1002510231

VENCIMENTO: 31/03/2018 

VOCE PAGOU APROXIMADAMENTE:
R$ 1.783,63 DE TRIBUTOS FEDERAIS
/R$ 206,20 DE TRIBUTOS MUNICIPAIS
/R$ 1.989,83 PELOS SERVICOS
/FONTE: TABELA IBPT</Discriminacao><CodigoMunicipio>3131703</CodigoMunicipio><ExigibilidadeISS>2</ExigibilidadeISS></Servico><Prestador><CpfCnpj><Cnpj>01472377000106</Cnpj></CpfCnpj><InscricaoMunicipal>1457</InscricaoMunicipal></Prestador><Tomador><IdentificacaoTomador><CpfCnpj><Cnpj>33592510016409</Cnpj></CpfCnpj></IdentificacaoTomador><RazaoSocial>VALE S.A.</RazaoSocial><Endereco><Endereco>SERR. SERRA DO ESMERIL</Endereco><Numero>S/N</Numero><Bairro>Zona Rural</Bairro><CodigoMunicipio>3131703</CodigoMunicipio><Uf>MG</Uf><Cep>35900900</Cep></Endereco><Contato><Telefone>38394242</Telefone><Email>nfe.servico@vale.com</Email></Contato></Tomador><OptanteSimplesNacional>2</OptanteSimplesNacional><IncentivoFiscal>2</IncentivoFiscal></InfDeclaracaoPrestacaoServico></DeclaracaoPrestacaoServico></InfNfse></Nfse></CompNfse></ListaNfse></ConsultarNfseFaixaResposta>