<tcLotNFE><tcNFE><tcInfPtd><tsNumDocPtd>52.548.435/0080-72</tsNumDocPtd><tsInsEstPtd></tsInsEstPtd><tsInsMunPtd>005717</tsInsMunPtd><tsNomPtd>JSL S.A.                                          </tsNomPtd><tsEndPtd>ROD PA160, 0 KM 04 - EM FRENTE AO POLO MOVELEIRO</tsEndPtd><tsBaiPtd>RESIDENCIAL   PARQUE DOS CARAJAS</tsBaiPtd><tsMunPtd>PARAUAPEBAS</tsMunPtd><tsEstPtd>PA</tsEstPtd></tcInfPtd><tcInfTmd><tsNomTmd>VALE S/A</tsNomTmd><tsNumDocTmd>33.592.510/0451-74</tsNumDocTmd><tsInsEstTmd>151886679</tsInsEstTmd><tsInsMunTmd>---X---</tsInsMunTmd><tsEndTmd>A SERRA LESTE S/N KM 34</tsEndTmd><tsBaiTmd>SERRA LESTE</tsBaiTmd><tsMunTmd>CURIONOPOLIS</tsMunTmd><tsEstTmd>PA</tsEstTmd><tsCepTmd>68523-000</tsCepTmd><tsEmlTmd></tsEmlTmd><tsSubTrb>Não</tsSubTrb></tcInfTmd><tcInfNFE><tsNumNot>1710</tsNumNot><tsNumRps>0</tsNumRps><tsDatEms>02/03/2018</tsDatEms><tsCodVer>JY8KBSL4S4</tsCodVer><tsMunSvc>Curionópolis</tsMunSvc><tsEstMunSvc>PA</tsEstMunSvc><tsRegRec>NORMAL</tsRegRec><tsFrmRec>Retido</tsFrmRec><tsVlrSvc>94729,17</tsVlrSvc><tsVlrDsc>0,00</tsVlrDsc><tsVlrDed>0,00</tsVlrDed><tsBasCalc>94729,17</tsBasCalc><tsPerAlq>5,00</tsPerAlq><tsVlrISSQN>4736,46</tsVlrISSQN><tsVlrPIS>0,00</tsVlrPIS><tsVlrCOFINS>0,00</tsVlrCOFINS><tsVlrINSS>3126,06</tsVlrINSS><tsVlrIR>0,00</tsVlrIR><tsVlrCSLL>0,00</tsVlrCSLL><tsVlrOtrRtn>0,00</tsVlrOtrRtn><tsDesOtrRtn></tsDesOtrRtn><tsTotRtn>3.126,06</tsTotRtn><tsVlrISSRet>4.736,46</tsVlrISSRet><tsVlrLiq>86.866,65</tsVlrLiq><tsCodSvc>1601</tsCodSvc><tsDesSvc>SERVICOS DE TRANSPORTE DE NATUREZA MUNICIPAL</tsDesSvc><tsObsNfe>Planta: 1001 - Descrição da Planta: Mina Serra Leste MPL: 1001
LOCAL DA PRESTAÇÃO DO SERVIÇO (Cod.  Município/ Descrição Município/ Estado): PA
1502772/Curionópolis/PA.</tsObsNfe><tsNumAut>0</tsNumAut><tsDatAut /><tcInfItens><tcInfItem><tsSeqItem>01</tsSeqItem><tsQtdItem>0,00</tsQtdItem><tsDesItem>REFERENTE A PRESTAÇÃO DE SERVIÇO DE TRANSPORTE DE VEICULOS LEVES NA MINA DE SERRA LESTE,</tsDesItem><tsVlrItem>0,00</tsVlrItem><tsTotItem>0,00</tsTotItem></tcInfItem><tcInfItem><tsSeqItem>02</tsSeqItem><tsQtdItem>1,00</tsQtdItem><tsDesItem>NO MUNICIPIO DE CURIONÓPOLIS-PA.</tsDesItem><tsVlrItem>94729,17</tsVlrItem><tsTotItem>94729,17</tsTotItem></tcInfItem><tcInfItem><tsSeqItem>04</tsSeqItem><tsQtdItem>0,00</tsQtdItem><tsDesItem>Nº Contrato:5900030294 / Nº Pedido/item:4504205792/00010 / Nº FRS:1002523923/ Nº RF:6200646258.</tsDesItem><tsVlrItem>0,00</tsVlrItem><tsTotItem>0,00</tsTotItem></tcInfItem><tcInfItem><tsSeqItem>06</tsSeqItem><tsQtdItem>0,00</tsQtdItem><tsDesItem>3007897 SERVICO DE TRANSP VEICULO LEVE 16.01    94.729,17</tsDesItem><tsVlrItem>0,00</tsVlrItem><tsTotItem>0,00</tsTotItem></tcInfItem><tcInfItem><tsSeqItem>08</tsSeqItem><tsQtdItem>0,00</tsQtdItem><tsDesItem>BASE DE CÁLCULO PARA RETENÇÃO INSS 28.418,75 / IN NR71 - de 10/05/02.</tsDesItem><tsVlrItem>0,00</tsVlrItem><tsTotItem>0,00</tsTotItem></tcInfItem><tcInfItem><tsSeqItem>09</tsSeqItem><tsQtdItem>0,00</tsQtdItem><tsDesItem>DIR. COL. INSS DOU DE 15/05/02 / RETENÇÃO PARA PREVIDÊNCIA SOCIAL (11%) R$ 3.126,06.</tsDesItem><tsVlrItem>0,00</tsVlrItem><tsTotItem>0,00</tsTotItem></tcInfItem></tcInfItens><tcInfArq><tsVerArq>2</tsVerArq></tcInfArq></tcInfNFE></tcNFE></tcLotNFE>
