<tcLotNFE><tcNFE><tcInfPtd><tsNumDocPtd>52.548.435/0080-72</tsNumDocPtd><tsInsEstPtd></tsInsEstPtd><tsInsMunPtd>005717</tsInsMunPtd><tsNomPtd>JSL S.A.                                          </tsNomPtd><tsEndPtd>ROD PA160, 0 KM 04 - EM FRENTE AO POLO MOVELEIRO</tsEndPtd><tsBaiPtd>RESIDENCIAL   PARQUE DOS CARAJAS</tsBaiPtd><tsMunPtd>PARAUAPEBAS</tsMunPtd><tsEstPtd>PA</tsEstPtd></tcInfPtd><tcInfTmd><tsNomTmd>VALE SA</tsNomTmd><tsNumDocTmd>33.592.510/0370-74</tsNumDocTmd><tsInsEstTmd>150981821</tsInsEstTmd><tsInsMunTmd>---X---</tsInsMunTmd><tsEndTmd>LOC.SERRA DOS CARAJÁS SN</tsEndTmd><tsBaiTmd>CARAJAS</tsBaiTmd><tsMunTmd>PARAUAPEBAS</tsMunTmd><tsEstTmd>PA</tsEstTmd><tsCepTmd>68516-000</tsCepTmd><tsEmlTmd>nfe.sevico@vale.com</tsEmlTmd><tsSubTrb>Não</tsSubTrb></tcInfTmd><tcInfNFE><tsNumNot>1707</tsNumNot><tsNumRps>0</tsNumRps><tsDatEms>02/03/2018</tsDatEms><tsCodVer>TKR0R2II2T</tsCodVer><tsMunSvc>Parauapebas</tsMunSvc><tsEstMunSvc>PA</tsEstMunSvc><tsRegRec>NORMAL</tsRegRec><tsFrmRec>Retido</tsFrmRec><tsVlrSvc>17903,77</tsVlrSvc><tsVlrDsc>0,00</tsVlrDsc><tsVlrDed>0,00</tsVlrDed><tsBasCalc>17903,77</tsBasCalc><tsPerAlq>5,00</tsPerAlq><tsVlrISSQN>895,19</tsVlrISSQN><tsVlrPIS>0,00</tsVlrPIS><tsVlrCOFINS>0,00</tsVlrCOFINS><tsVlrINSS>590,82</tsVlrINSS><tsVlrIR>0,00</tsVlrIR><tsVlrCSLL>0,00</tsVlrCSLL><tsVlrOtrRtn>0,00</tsVlrOtrRtn><tsDesOtrRtn></tsDesOtrRtn><tsTotRtn>590,82</tsTotRtn><tsVlrISSRet>895,19</tsVlrISSRet><tsVlrLiq>16.417,76</tsVlrLiq><tsCodSvc>1601</tsCodSvc><tsDesSvc>SERVICOS DE TRANSPORTE DE NATUREZA MUNICIPAL</tsDesSvc><tsObsNfe>Planta: 1001 - Descrição da Planta: Carajás:MPL:1001
LOCAL DA PRESTAÇÃO DO SERVIÇO (Cod. Município/Descrição Município/Estado):PA
1505536/Parauapebas/PA.</tsObsNfe><tsNumAut>0</tsNumAut><tsDatAut /><tcInfItens><tcInfItem><tsSeqItem>01</tsSeqItem><tsQtdItem>0,00</tsQtdItem><tsDesItem>REFERENTE A PRESTAÇÃO DE SERVIÇO DE TRANSPORTE DE VEICULOS LEVES, PARA ATENDIMENTO E USO NAS</tsDesItem><tsVlrItem>0,00</tsVlrItem><tsTotItem>0,00</tsTotItem></tcInfItem><tcInfItem><tsSeqItem>02</tsSeqItem><tsQtdItem>1,00</tsQtdItem><tsDesItem>ATIVIDADES DA DIRETORIA DE PESQUISA MINERAL NO BRASIL (C/ MÃO DE OBRA - AMOSTRAS VALE)</tsDesItem><tsVlrItem>17903,77</tsVlrItem><tsTotItem>17903,77</tsTotItem></tcInfItem><tcInfItem><tsSeqItem>04</tsSeqItem><tsQtdItem>0,00</tsQtdItem><tsDesItem>Nº Contrato:5900045193/ Nº Pedido/item:4504198679/00010/ Nº FRS:1002519711/ Nº RF:6200644528.</tsDesItem><tsVlrItem>0,00</tsVlrItem><tsTotItem>0,00</tsTotItem></tcInfItem><tcInfItem><tsSeqItem>06</tsSeqItem><tsQtdItem>0,00</tsQtdItem><tsDesItem>3007897 SERVICO DE TRANSP VEICULO LEVE 16.01      17.903,77</tsDesItem><tsVlrItem>0,00</tsVlrItem><tsTotItem>0,00</tsTotItem></tcInfItem><tcInfItem><tsSeqItem>08</tsSeqItem><tsQtdItem>0,00</tsQtdItem><tsDesItem>BASE DE CÁLCULO PARA RETENÇÃO INSS  5.371,13 / IN NR71 - de 10/05/02</tsDesItem><tsVlrItem>0,00</tsVlrItem><tsTotItem>0,00</tsTotItem></tcInfItem><tcInfItem><tsSeqItem>09</tsSeqItem><tsQtdItem>0,00</tsQtdItem><tsDesItem>DIR. COL. INSS DOU DE 15/05/02 / RETENÇÃO PARA PREVIDENCIA SOCIAL (11%) R$ 590,82.</tsDesItem><tsVlrItem>0,00</tsVlrItem><tsTotItem>0,00</tsTotItem></tcInfItem></tcInfItens><tcInfArq><tsVerArq>2</tsVerArq></tcInfArq></tcInfNFE></tcNFE></tcLotNFE>
