<tcLotNFE><tcNFE><tcInfPtd><tsNumDocPtd>52.548.435/0080-72</tsNumDocPtd><tsInsEstPtd></tsInsEstPtd><tsInsMunPtd>005717</tsInsMunPtd><tsNomPtd>JSL S.A.                                          </tsNomPtd><tsEndPtd>ROD PA160, 0 KM 04 - EM FRENTE AO POLO MOVELEIRO</tsEndPtd><tsBaiPtd>RESIDENCIAL   PARQUE DOS CARAJAS</tsBaiPtd><tsMunPtd>PARAUAPEBAS</tsMunPtd><tsEstPtd>PA</tsEstPtd></tcInfPtd><tcInfTmd><tsNomTmd>VALE SA</tsNomTmd><tsNumDocTmd>33.592.510/0370-74</tsNumDocTmd><tsInsEstTmd>150981821</tsInsEstTmd><tsInsMunTmd>---X---</tsInsMunTmd><tsEndTmd>LOC.SERRA DOS CARAJÁS SN</tsEndTmd><tsBaiTmd>CARAJAS</tsBaiTmd><tsMunTmd>PARAUAPEBAS</tsMunTmd><tsEstTmd>PA</tsEstTmd><tsCepTmd>68516-000</tsCepTmd><tsEmlTmd>nfe.sevico@vale.com</tsEmlTmd><tsSubTrb>Não</tsSubTrb></tcInfTmd><tcInfNFE><tsNumNot>1712</tsNumNot><tsNumRps>0</tsNumRps><tsDatEms>02/03/2018</tsDatEms><tsCodVer>429DEJU8AL</tsCodVer><tsMunSvc>Parauapebas</tsMunSvc><tsEstMunSvc>PA</tsEstMunSvc><tsRegRec>NORMAL</tsRegRec><tsFrmRec>Retido</tsFrmRec><tsVlrSvc>428008,55</tsVlrSvc><tsVlrDsc>0,00</tsVlrDsc><tsVlrDed>0,00</tsVlrDed><tsBasCalc>428008,55</tsBasCalc><tsPerAlq>5,00</tsPerAlq><tsVlrISSQN>21400,43</tsVlrISSQN><tsVlrPIS>0,00</tsVlrPIS><tsVlrCOFINS>0,00</tsVlrCOFINS><tsVlrINSS>14124,28</tsVlrINSS><tsVlrIR>0,00</tsVlrIR><tsVlrCSLL>0,00</tsVlrCSLL><tsVlrOtrRtn>0,00</tsVlrOtrRtn><tsDesOtrRtn></tsDesOtrRtn><tsTotRtn>14.124,28</tsTotRtn><tsVlrISSRet>21.400,43</tsVlrISSRet><tsVlrLiq>392.483,84</tsVlrLiq><tsCodSvc>1601</tsCodSvc><tsDesSvc>SERVICOS DE TRANSPORTE DE NATUREZA MUNICIPAL</tsDesSvc><tsObsNfe>PLANTA: 1001 - Balcão 1058 Carajás:MPL:1001
LOCAL DA PRESTAÇÃO DO SERVIÇO (Cod. Município/ Descrição Município/Estado): PA
1505536/Parauapebas/PA.</tsObsNfe><tsNumAut>0</tsNumAut><tsDatAut /><tcInfItens><tcInfItem><tsSeqItem>01</tsSeqItem><tsQtdItem>0,00</tsQtdItem><tsDesItem>REFERENTE A PRESTAÇÃO DE SERVIÇO DE TRANSPORTE DE VEICULOS LEVES NA MINA DE CARAJAS,</tsDesItem><tsVlrItem>0,00</tsVlrItem><tsTotItem>0,00</tsTotItem></tcInfItem><tcInfItem><tsSeqItem>02</tsSeqItem><tsQtdItem>1,00</tsQtdItem><tsDesItem>NO MUNICÍPIO DE PARAUAPEBAS-PA.</tsDesItem><tsVlrItem>428008,55</tsVlrItem><tsTotItem>428008,55</tsTotItem></tcInfItem><tcInfItem><tsSeqItem>04</tsSeqItem><tsQtdItem>0,00</tsQtdItem><tsDesItem>Nº Contrato:5900030294 / Nº Pedido/item:4504209870/00030 / Nº FRS:1002526678/ Nº RF:6200648255.</tsDesItem><tsVlrItem>0,00</tsVlrItem><tsTotItem>0,00</tsTotItem></tcInfItem><tcInfItem><tsSeqItem>06</tsSeqItem><tsQtdItem>0,00</tsQtdItem><tsDesItem>3007897 SERVICO DE TRANSP VEICULO LEVE 16.01    428.008,55</tsDesItem><tsVlrItem>0,00</tsVlrItem><tsTotItem>0,00</tsTotItem></tcInfItem><tcInfItem><tsSeqItem>08</tsSeqItem><tsQtdItem>0,00</tsQtdItem><tsDesItem>BASE DE CÁLCULO PARA RETENÇÃO INSS 128.402,57/ IN NR71 - de 10/05/02.</tsDesItem><tsVlrItem>0,00</tsVlrItem><tsTotItem>0,00</tsTotItem></tcInfItem><tcInfItem><tsSeqItem>09</tsSeqItem><tsQtdItem>0,00</tsQtdItem><tsDesItem>DIR. COL. INSS DOU DE 15/05/02 / RETENÇÃO PARA PREVIDÊNCIA SOCIAL (11%) R$ 14.124,28.</tsDesItem><tsVlrItem>0,00</tsVlrItem><tsTotItem>0,00</tsTotItem></tcInfItem></tcInfItens><tcInfArq><tsVerArq>2</tsVerArq></tcInfArq></tcInfNFE></tcNFE></tcLotNFE>
