<tcLotNFE><tcNFE><tcInfPtd><tsNumDocPtd>52.548.435/0080-72</tsNumDocPtd><tsInsEstPtd></tsInsEstPtd><tsInsMunPtd>005717</tsInsMunPtd><tsNomPtd>JSL S.A.                                          </tsNomPtd><tsEndPtd>ROD PA160, 0 KM 04 - EM FRENTE AO POLO MOVELEIRO</tsEndPtd><tsBaiPtd>RESIDENCIAL   PARQUE DOS CARAJAS</tsBaiPtd><tsMunPtd>PARAUAPEBAS</tsMunPtd><tsEstPtd>PA</tsEstPtd></tcInfPtd><tcInfTmd><tsNomTmd>VALE SA</tsNomTmd><tsNumDocTmd>33.592.510/0370-74</tsNumDocTmd><tsInsEstTmd>150981821</tsInsEstTmd><tsInsMunTmd>---X---</tsInsMunTmd><tsEndTmd>LOC.SERRA DOS CARAJÁS SN</tsEndTmd><tsBaiTmd>CARAJAS</tsBaiTmd><tsMunTmd>PARAUAPEBAS</tsMunTmd><tsEstTmd>PA</tsEstTmd><tsCepTmd>68516-000</tsCepTmd><tsEmlTmd>nfe.sevico@vale.com</tsEmlTmd><tsSubTrb>Não</tsSubTrb></tcInfTmd><tcInfNFE><tsNumNot>1716</tsNumNot><tsNumRps>0</tsNumRps><tsDatEms>02/03/2018</tsDatEms><tsCodVer>SSP1Y55Q48</tsCodVer><tsMunSvc>Parauapebas</tsMunSvc><tsEstMunSvc>PA</tsEstMunSvc><tsRegRec>NORMAL</tsRegRec><tsFrmRec>Retido</tsFrmRec><tsVlrSvc>17736,69</tsVlrSvc><tsVlrDsc>0,00</tsVlrDsc><tsVlrDed>0,00</tsVlrDed><tsBasCalc>17736,69</tsBasCalc><tsPerAlq>5,00</tsPerAlq><tsVlrISSQN>886,83</tsVlrISSQN><tsVlrPIS>0,00</tsVlrPIS><tsVlrCOFINS>0,00</tsVlrCOFINS><tsVlrINSS>585,31</tsVlrINSS><tsVlrIR>0,00</tsVlrIR><tsVlrCSLL>0,00</tsVlrCSLL><tsVlrOtrRtn>0,00</tsVlrOtrRtn><tsDesOtrRtn></tsDesOtrRtn><tsTotRtn>585,31</tsTotRtn><tsVlrISSRet>886,83</tsVlrISSRet><tsVlrLiq>16.264,55</tsVlrLiq><tsCodSvc>1601</tsCodSvc><tsDesSvc>SERVICOS DE TRANSPORTE DE NATUREZA MUNICIPAL</tsDesSvc><tsObsNfe>Planta: 1001 - Descrição da Planta: Carajás:MPL:1001
LOCAL DA PRESTAÇÃO DO SERVIÇO (Cod. Municípi o/ Descrição Município/ Estado): PA
1505536/Parauapebas/PA.</tsObsNfe><tsNumAut>0</tsNumAut><tsDatAut /><tcInfItens><tcInfItem><tsSeqItem>01</tsSeqItem><tsQtdItem>0,00</tsQtdItem><tsDesItem>REFERENTE A PRESTAÇÃO DE SERVIÇO DE TRANSPORTE COLETIVO DE PASSAGEIROS NO TRAJETO</tsDesItem><tsVlrItem>0,00</tsVlrItem><tsTotItem>0,00</tsTotItem></tcInfItem><tcInfItem><tsSeqItem>02</tsSeqItem><tsQtdItem>1,00</tsQtdItem><tsDesItem>PARAUAPEBAS / IGARAPÉ BAHIA / PARAUAPEBAS. NO MUNICÍPIO DE PARAUAPEBAS-PA.</tsDesItem><tsVlrItem>17736,69</tsVlrItem><tsTotItem>17736,69</tsTotItem></tcInfItem><tcInfItem><tsSeqItem>04</tsSeqItem><tsQtdItem>0,00</tsQtdItem><tsDesItem>Nº Contrato:5900010788 / Nº Pedido/item:4504202034/00010 / Nº FRS:1002527067/ Nº RF:6200649703.</tsDesItem><tsVlrItem>0,00</tsVlrItem><tsTotItem>0,00</tsTotItem></tcInfItem><tcInfItem><tsSeqItem>06</tsSeqItem><tsQtdItem>0,00</tsQtdItem><tsDesItem>3005275 STC-ON-ROD-C/AR-C/RET - ADM-HAB-KM-INTRA 16.01      5.567,94</tsDesItem><tsVlrItem>0,00</tsVlrItem><tsTotItem>0,00</tsTotItem></tcInfItem><tcInfItem><tsSeqItem>07</tsSeqItem><tsQtdItem>0,00</tsQtdItem><tsDesItem>3005270 STC-ON-ROD-C/AR-C/RET - ADM-EV/EX-INTRA    16.01    12.168,75</tsDesItem><tsVlrItem>0,00</tsVlrItem><tsTotItem>0,00</tsTotItem></tcInfItem><tcInfItem><tsSeqItem>09</tsSeqItem><tsQtdItem>0,00</tsQtdItem><tsDesItem>BASE DE CÁLCULO PARA RETENÇÃO INSS R$ 5.321,01 IN NR71 - de 10/05/02.</tsDesItem><tsVlrItem>0,00</tsVlrItem><tsTotItem>0,00</tsTotItem></tcInfItem><tcInfItem><tsSeqItem>10</tsSeqItem><tsQtdItem>0,00</tsQtdItem><tsDesItem>DIR. COL. INSS DOU DE 15/05/02 / RETENÇÃO PARA PREVIDÊNCIA SOCIAL (11%) R$ 585,31.</tsDesItem><tsVlrItem>0,00</tsVlrItem><tsTotItem>0,00</tsTotItem></tcInfItem></tcInfItens><tcInfArq><tsVerArq>2</tsVerArq></tcInfArq></tcInfNFE></tcNFE></tcLotNFE>
