<tcLotNFE><tcNFE><tcInfPtd><tsNumDocPtd>52.548.435/0080-72</tsNumDocPtd><tsInsEstPtd></tsInsEstPtd><tsInsMunPtd>005717</tsInsMunPtd><tsNomPtd>JSL S.A.                                          </tsNomPtd><tsEndPtd>ROD PA160, 0 KM 04 - EM FRENTE AO POLO MOVELEIRO</tsEndPtd><tsBaiPtd>RESIDENCIAL   PARQUE DOS CARAJAS</tsBaiPtd><tsMunPtd>PARAUAPEBAS</tsMunPtd><tsEstPtd>PA</tsEstPtd></tcInfPtd><tcInfTmd><tsNomTmd>VALE SA</tsNomTmd><tsNumDocTmd>33.592.510/0370-74</tsNumDocTmd><tsInsEstTmd>150981821</tsInsEstTmd><tsInsMunTmd>---X---</tsInsMunTmd><tsEndTmd>LOC.SERRA DOS CARAJÁS SN</tsEndTmd><tsBaiTmd>CARAJAS</tsBaiTmd><tsMunTmd>PARAUAPEBAS</tsMunTmd><tsEstTmd>PA</tsEstTmd><tsCepTmd>68516-000</tsCepTmd><tsEmlTmd>nfe.sevico@vale.com</tsEmlTmd><tsSubTrb>Não</tsSubTrb></tcInfTmd><tcInfNFE><tsNumNot>1708</tsNumNot><tsNumRps>0</tsNumRps><tsDatEms>02/03/2018</tsDatEms><tsCodVer>QEIQFXP0WR</tsCodVer><tsMunSvc>Canaã dos Carajás</tsMunSvc><tsEstMunSvc>PA</tsEstMunSvc><tsRegRec>NORMAL</tsRegRec><tsFrmRec>Retido</tsFrmRec><tsVlrSvc>11623,23</tsVlrSvc><tsVlrDsc>0,00</tsVlrDsc><tsVlrDed>0,00</tsVlrDed><tsBasCalc>11623,23</tsBasCalc><tsPerAlq>5,00</tsPerAlq><tsVlrISSQN>581,16</tsVlrISSQN><tsVlrPIS>0,00</tsVlrPIS><tsVlrCOFINS>0,00</tsVlrCOFINS><tsVlrINSS>383,57</tsVlrINSS><tsVlrIR>0,00</tsVlrIR><tsVlrCSLL>0,00</tsVlrCSLL><tsVlrOtrRtn>0,00</tsVlrOtrRtn><tsDesOtrRtn></tsDesOtrRtn><tsTotRtn>383,57</tsTotRtn><tsVlrISSRet>581,16</tsVlrISSRet><tsVlrLiq>10.658,50</tsVlrLiq><tsCodSvc>1601</tsCodSvc><tsDesSvc>SERVICOS DE TRANSPORTE DE NATUREZA MUNICIPAL</tsDesSvc><tsObsNfe>LOCAL DA PRESTAÇÃO DO SERVIÇO (Cod. Município/Descrição Município/Estado):PA 1502152/Canaã dos
Carajás/PA.</tsObsNfe><tsNumAut>0</tsNumAut><tsDatAut /><tcInfItens><tcInfItem><tsSeqItem>01</tsSeqItem><tsQtdItem>0,00</tsQtdItem><tsDesItem>REFERENTE A PRESTAÇÃO DE SERVIÇO DE TRANSPORTE DE VEICULOS LEVES, PARA ATENDIMENTO E USO NAS</tsDesItem><tsVlrItem>0,00</tsVlrItem><tsTotItem>0,00</tsTotItem></tcInfItem><tcInfItem><tsSeqItem>02</tsSeqItem><tsQtdItem>0,00</tsQtdItem><tsDesItem>ATIVIDADES DA DIRETORIA DE PESQUISA MINERAL NO BRASIL (C/ MÃO DE OBRA - AMOSTRAS VALE)</tsDesItem><tsVlrItem>0,00</tsVlrItem><tsTotItem>0,00</tsTotItem></tcInfItem><tcInfItem><tsSeqItem>03</tsSeqItem><tsQtdItem>1,00</tsQtdItem><tsDesItem>NO MUNICIPIO DE CANAÃ DOS CARAJÁS-PA.</tsDesItem><tsVlrItem>11623,23</tsVlrItem><tsTotItem>11623,23</tsTotItem></tcInfItem><tcInfItem><tsSeqItem>05</tsSeqItem><tsQtdItem>0,00</tsQtdItem><tsDesItem>Nº Contrato:5900045193/ Nº Pedido/item:4504198681/00010/ Nº FRS:1002519723 / Nº RF:6200644529.</tsDesItem><tsVlrItem>0,00</tsVlrItem><tsTotItem>0,00</tsTotItem></tcInfItem><tcInfItem><tsSeqItem>07</tsSeqItem><tsQtdItem>0,00</tsQtdItem><tsDesItem>3007897 SERVICO DE TRANSP VEICULO LEVE 16.01     11.623,23</tsDesItem><tsVlrItem>0,00</tsVlrItem><tsTotItem>0,00</tsTotItem></tcInfItem><tcInfItem><tsSeqItem>09</tsSeqItem><tsQtdItem>0,00</tsQtdItem><tsDesItem>BASE DE CÁLCULO PARA RETENÇÃO INSS 3.486,97 IN NR71 - de 10/05/02</tsDesItem><tsVlrItem>0,00</tsVlrItem><tsTotItem>0,00</tsTotItem></tcInfItem><tcInfItem><tsSeqItem>10</tsSeqItem><tsQtdItem>0,00</tsQtdItem><tsDesItem>DIR. COL. INSS DOU DE 15/05/02 / RETENÇÃO PARA PREVIDENCIA SOCIAL (11%) R$ 383,57.</tsDesItem><tsVlrItem>0,00</tsVlrItem><tsTotItem>0,00</tsTotItem></tcInfItem></tcInfItens><tcInfArq><tsVerArq>2</tsVerArq></tcInfArq></tcInfNFE></tcNFE></tcLotNFE>
