<tcLotNFE><tcNFE><tcInfPtd><tsNumDocPtd>52.548.435/0080-72</tsNumDocPtd><tsInsEstPtd></tsInsEstPtd><tsInsMunPtd>005717</tsInsMunPtd><tsNomPtd>JSL S.A.                                          </tsNomPtd><tsEndPtd>ROD PA160, 0 KM 04 - EM FRENTE AO POLO MOVELEIRO</tsEndPtd><tsBaiPtd>RESIDENCIAL   PARQUE DOS CARAJAS</tsBaiPtd><tsMunPtd>PARAUAPEBAS</tsMunPtd><tsEstPtd>PA</tsEstPtd></tcInfPtd><tcInfTmd><tsNomTmd>VALE SA</tsNomTmd><tsNumDocTmd>33.592.510/0370-74</tsNumDocTmd><tsInsEstTmd>150981821</tsInsEstTmd><tsInsMunTmd>---X---</tsInsMunTmd><tsEndTmd>LOC.SERRA DOS CARAJÁS SN</tsEndTmd><tsBaiTmd>CARAJAS</tsBaiTmd><tsMunTmd>PARAUAPEBAS</tsMunTmd><tsEstTmd>PA</tsEstTmd><tsCepTmd>68516-000</tsCepTmd><tsEmlTmd>nfe.sevico@vale.com</tsEmlTmd><tsSubTrb>Não</tsSubTrb></tcInfTmd><tcInfNFE><tsNumNot>1709</tsNumNot><tsNumRps>0</tsNumRps><tsDatEms>02/03/2018</tsDatEms><tsCodVer>DI9IVHJRGA</tsCodVer><tsMunSvc>São Félix do Xingu</tsMunSvc><tsEstMunSvc>PA</tsEstMunSvc><tsRegRec>NORMAL</tsRegRec><tsFrmRec>Retido</tsFrmRec><tsVlrSvc>32860,25</tsVlrSvc><tsVlrDsc>0,00</tsVlrDsc><tsVlrDed>0,00</tsVlrDed><tsBasCalc>32860,25</tsBasCalc><tsPerAlq>5,00</tsPerAlq><tsVlrISSQN>1643,01</tsVlrISSQN><tsVlrPIS>0,00</tsVlrPIS><tsVlrCOFINS>0,00</tsVlrCOFINS><tsVlrINSS>1084,39</tsVlrINSS><tsVlrIR>0,00</tsVlrIR><tsVlrCSLL>0,00</tsVlrCSLL><tsVlrOtrRtn>0,00</tsVlrOtrRtn><tsDesOtrRtn></tsDesOtrRtn><tsTotRtn>1.084,39</tsTotRtn><tsVlrISSRet>1.643,01</tsVlrISSRet><tsVlrLiq>30.132,85</tsVlrLiq><tsCodSvc>1601</tsCodSvc><tsDesSvc>SERVICOS DE TRANSPORTE DE NATUREZA MUNICIPAL</tsDesSvc><tsObsNfe>Planta: 1001 - Descrição da Planta: Carajás:MPL:1001
LOCAL DA PRESTAÇÃO DO SERVIÇO (Cod. Município/Descrição Município/Estado):PA 1507300/São Félix do
Xingu/PA.</tsObsNfe><tsNumAut>0</tsNumAut><tsDatAut /><tcInfItens><tcInfItem><tsSeqItem>01</tsSeqItem><tsQtdItem>0,00</tsQtdItem><tsDesItem>REFERENTE A PRESTAÇÃO DE SERVIÇO DE TRANSPORTE DE VEICULOS LEVES, PARA ATENDIMENTO E USO NAS</tsDesItem><tsVlrItem>0,00</tsVlrItem><tsTotItem>0,00</tsTotItem></tcInfItem><tcInfItem><tsSeqItem>02</tsSeqItem><tsQtdItem>0,00</tsQtdItem><tsDesItem>ATIVIDADES DA DIRETORIA DE PESQUISA MINERAL NO BRASIL (C/ MÃO DE OBRA - AMOSTRAS VALE)</tsDesItem><tsVlrItem>0,00</tsVlrItem><tsTotItem>0,00</tsTotItem></tcInfItem><tcInfItem><tsSeqItem>03</tsSeqItem><tsQtdItem>1,00</tsQtdItem><tsDesItem>NO MUNICIPIO DE SÃO FELIX DO XINGU - PA.</tsDesItem><tsVlrItem>32860,25</tsVlrItem><tsTotItem>32860,25</tsTotItem></tcInfItem><tcInfItem><tsSeqItem>05</tsSeqItem><tsQtdItem>0,00</tsQtdItem><tsDesItem>Nº Contrato:5900045193/ Nº Pedido/item:4504198680/00010/ Nº FRS:1002519715 / Nº RF:6200644470.</tsDesItem><tsVlrItem>0,00</tsVlrItem><tsTotItem>0,00</tsTotItem></tcInfItem><tcInfItem><tsSeqItem>07</tsSeqItem><tsQtdItem>0,00</tsQtdItem><tsDesItem>3007897 SERVICO DE TRANSP VEICULO LEVE 16.01     32.860,25</tsDesItem><tsVlrItem>0,00</tsVlrItem><tsTotItem>0,00</tsTotItem></tcInfItem><tcInfItem><tsSeqItem>09</tsSeqItem><tsQtdItem>0,00</tsQtdItem><tsDesItem>BASE DE CÁLCULO PARA RETENÇÃO INSS 9.858,08/ IN NR71 - de 10/05/02</tsDesItem><tsVlrItem>0,00</tsVlrItem><tsTotItem>0,00</tsTotItem></tcInfItem><tcInfItem><tsSeqItem>10</tsSeqItem><tsQtdItem>0,00</tsQtdItem><tsDesItem>DIR. COL. INSS DOU DE 15/05/02 / RETENÇÃO PARA PREVIDENCIA SOCIAL (11%) R$ 1.084,39.</tsDesItem><tsVlrItem>0,00</tsVlrItem><tsTotItem>0,00</tsTotItem></tcInfItem></tcInfItens><tcInfArq><tsVerArq>2</tsVerArq></tcInfArq></tcInfNFE></tcNFE></tcLotNFE>
