﻿<?xml version="1.0" encoding="UTF-8" ?><ConsultarNfseResposta xmlns:xsi="http://www.w3.org/2001/XMLSchema-instance" xmlns:xsd="http://www.w3.org/2001/XMLSchema" xmlns="http://www.abrasf.org.br/ABRASF/arquivos/nfse.xsd"><ListaNfse>
<CompNfse><Nfse><InfNfse><Numero>38685</Numero><CodigoVerificacao>PXPR-CVMI</CodigoVerificacao><DataEmissao>2018-03-01T14:38:54</DataEmissao><IdentificacaoRps><Numero>38685</Numero><Serie /><Tipo>1</Tipo></IdentificacaoRps><DataEmissaoRps>2018-02-28</DataEmissaoRps><NaturezaOperacao>1</NaturezaOperacao><OptanteSimplesNacional>2</OptanteSimplesNacional><IncentivadorCultural>2</IncentivadorCultural><Competencia>2018-02-28T00:00:00</Competencia><Servico><Valores><ValorServicos>20453.46</ValorServicos><ValorPis>132.95</ValorPis><ValorCofins>613.6</ValorCofins><ValorIr>306.8</ValorIr><ValorCsll>204.53</ValorCsll><IssRetido>2</IssRetido><ValorIss>1022.67</ValorIss><BaseCalculo>20453.46</BaseCalculo><Aliquota>0.05</Aliquota><ValorLiquidoNfse>19195.58</ValorLiquidoNfse></Valores><ItemListaServico>1701</ItemListaServico><CodigoTributacaoMunicipio>170101</CodigoTributacaoMunicipio><Discriminacao>DISCRIMINACAO DOS SERVICOS                                              VALOR DOS SERVICOS
ASSESSORIA                                                                     R$ 20453.46

Prestação de Serviços de Coordenação e Controle da Operação dos Sistemas Elétricos Interligados
e da Administração dos Serviços de Transmissão prestados pelas Concessionárias de Transmissão
no período de 01/02/2018 a 29/02/2018  conforme Relatorio de Voto - Resolução 671 de 24/06/0


VALOR LIQUIDO:           R$ 19195.58
</Discriminacao><CodigoMunicipio>3304557</CodigoMunicipio></Servico><PrestadorServico><IdentificacaoPrestador><Cnpj>02831210000238</Cnpj><InscricaoMunicipal>2555450</InscricaoMunicipal></IdentificacaoPrestador><RazaoSocial>OPERADOR NACIONAL DO SISTEMA ELETRICO ONS</RazaoSocial><NomeFantasia>ONS</NomeFantasia><Endereco><Endereco>RUA JULIO DO CARMO 251</Endereco><Numero>251</Numero><Bairro>CIDADE NOVA</Bairro><CodigoMunicipio>3304557</CodigoMunicipio><Uf>RJ</Uf><Cep>20211160</Cep></Endereco><Contato><Telefone>34449637</Telefone><Email>financeiro@ons.org.br</Email></Contato></PrestadorServico><TomadorServico><IdentificacaoTomador><CpfCnpj><Cnpj>33592510000901</Cnpj></CpfCnpj></IdentificacaoTomador><RazaoSocial>VALE S.A.</RazaoSocial><Endereco><Endereco>RUA Vila do Sossego s/nº</Endereco><Numero>s/nº</Numero><Bairro>VILA DO SOSSEGO</Bairro><CodigoMunicipio>1502152</CodigoMunicipio><Uf>PA</Uf><Cep>68537000</Cep></Endereco><Contato><Email>faturas.cust@vale.com</Email></Contato></TomadorServico><OrgaoGerador><CodigoMunicipio>3304557</CodigoMunicipio><Uf>RJ</Uf></OrgaoGerador></InfNfse></Nfse></CompNfse>
</ListaNfse></ConsultarNfseResposta>
