﻿<?xml version="1.0" encoding="UTF-8" ?><ConsultarNfseResposta xmlns:xsi="http://www.w3.org/2001/XMLSchema-instance" xmlns:xsd="http://www.w3.org/2001/XMLSchema" xmlns="http://www.abrasf.org.br/ABRASF/arquivos/nfse.xsd"><ListaNfse>
<CompNfse><Nfse><InfNfse><Numero>38637</Numero><CodigoVerificacao>HMNV-BUFG</CodigoVerificacao><DataEmissao>2018-03-01T14:38:54</DataEmissao><IdentificacaoRps><Numero>38637</Numero><Serie /><Tipo>1</Tipo></IdentificacaoRps><DataEmissaoRps>2018-02-28</DataEmissaoRps><NaturezaOperacao>1</NaturezaOperacao><OptanteSimplesNacional>2</OptanteSimplesNacional><IncentivadorCultural>2</IncentivadorCultural><Competencia>2018-02-28T00:00:00</Competencia><Servico><Valores><ValorServicos>38889.14</ValorServicos><ValorPis>252.78</ValorPis><ValorCofins>1166.67</ValorCofins><ValorIr>583.34</ValorIr><ValorCsll>388.89</ValorCsll><IssRetido>2</IssRetido><ValorIss>1944.45</ValorIss><BaseCalculo>38889.14</BaseCalculo><Aliquota>0.05</Aliquota><ValorLiquidoNfse>36497.46</ValorLiquidoNfse></Valores><ItemListaServico>1701</ItemListaServico><CodigoTributacaoMunicipio>170101</CodigoTributacaoMunicipio><Discriminacao>DISCRIMINACAO DOS SERVICOS                                              VALOR DOS SERVICOS
ASSESSORIA                                                                     R$ 38889.14

Prestação de Serviços de Coordenação e Controle da Operação dos Sistemas Elétricos Interligados
e da Administração dos Serviços de Transmissão prestados pelas Concessionárias de Transmissão
no período de 01/02/2018 a 29/02/2018  conforme Relatorio de Voto - Resolução 671 de 24/06/0


VALOR LIQUIDO:           R$ 36497.46
</Discriminacao><CodigoMunicipio>3304557</CodigoMunicipio></Servico><PrestadorServico><IdentificacaoPrestador><Cnpj>02831210000238</Cnpj><InscricaoMunicipal>2555450</InscricaoMunicipal></IdentificacaoPrestador><RazaoSocial>OPERADOR NACIONAL DO SISTEMA ELETRICO ONS</RazaoSocial><NomeFantasia>ONS</NomeFantasia><Endereco><Endereco>RUA JULIO DO CARMO 251</Endereco><Numero>251</Numero><Bairro>CIDADE NOVA</Bairro><CodigoMunicipio>3304557</CodigoMunicipio><Uf>RJ</Uf><Cep>20211160</Cep></Endereco><Contato><Telefone>34449637</Telefone><Email>financeiro@ons.org.br</Email></Contato></PrestadorServico><TomadorServico><IdentificacaoTomador><CpfCnpj><Cnpj>33931478000275</Cnpj></CpfCnpj></IdentificacaoTomador><RazaoSocial>SALOBO METAIS S/A.</RazaoSocial><Endereco><Endereco>RUA Acampamento 3 Alfa Floreta s/nº, Tapirape Aquiri</Endereco><Numero>s/nº</Numero><Complemento>Tapirape Aquiri</Complemento><Bairro>Cidade Nova</Bairro><CodigoMunicipio>1504208</CodigoMunicipio><Uf>PA</Uf><Cep>68501535</Cep></Endereco><Contato><Email>faturas.cust@vale.com</Email></Contato></TomadorServico><OrgaoGerador><CodigoMunicipio>3304557</CodigoMunicipio><Uf>RJ</Uf></OrgaoGerador></InfNfse></Nfse></CompNfse>
</ListaNfse></ConsultarNfseResposta>
