﻿<?xml version="1.0" encoding="UTF-8" ?><ConsultarNfseResposta xmlns:xsi="http://www.w3.org/2001/XMLSchema-instance" xmlns:xsd="http://www.w3.org/2001/XMLSchema" xmlns="http://www.abrasf.org.br/ABRASF/arquivos/nfse.xsd"><ListaNfse>
<CompNfse><Nfse><InfNfse><Numero>9864</Numero><CodigoVerificacao>7DUR-T5MV</CodigoVerificacao><DataEmissao>2018-03-05T13:56:30</DataEmissao><IdentificacaoRps><Numero>205</Numero><Serie>9</Serie><Tipo>1</Tipo></IdentificacaoRps><DataEmissaoRps>2018-03-05</DataEmissaoRps><NaturezaOperacao>1</NaturezaOperacao><OptanteSimplesNacional>2</OptanteSimplesNacional><IncentivadorCultural>2</IncentivadorCultural><Competencia>2018-03-05T00:00:00</Competencia><Servico><Valores><ValorServicos>20482.15</ValorServicos><ValorPis>133.13</ValorPis><ValorCofins>614.46</ValorCofins><ValorIr>307.23</ValorIr><ValorCsll>204.82</ValorCsll><IssRetido>2</IssRetido><ValorIss>1024.1</ValorIss><BaseCalculo>20482.15</BaseCalculo><Aliquota>0.05</Aliquota><ValorLiquidoNfse>19222.51</ValorLiquidoNfse></Valores><ItemListaServico>0701</ItemListaServico><CodigoTributacaoMunicipio>070101</CodigoTributacaoMunicipio><Discriminacao>Ordem: 3002252326 N(o) Ped: PC-VAL-17064_D RPS: 000000205 Serie: 9 UN 1 Vencimento: 04.04.2018 Valor da parcela: R$ 20174.92 (VAL-17064) Servicos de ENG,ARQUIT,URB,PAISAG,DECOR INTERIORES. Ref. Contrato 5900045958 Pedido 4503995884 - item 10 FRS 1002519726 RF 6200645438. Banco Itau (341) / Agencia 0911 / Conta Corrente 12896-5</Discriminacao><CodigoMunicipio>3304557</CodigoMunicipio></Servico><PrestadorServico><IdentificacaoPrestador><Cnpj>30127872000186</Cnpj><InscricaoMunicipal>202304</InscricaoMunicipal></IdentificacaoPrestador><RazaoSocial>CHEMTECH SERVICOS DE ENGENHARIA E SOFTWARE LTDA</RazaoSocial><NomeFantasia>CHEMTECH</NomeFantasia><Endereco><Endereco>ILH DO FUNDAO , SN RPAULO EMIDIO BARBOSA 485 Q</Endereco><Numero>0</Numero><Complemento>SN RPAULO EMIDIO BARBOSA 485 Q</Complemento><Bairro>CIDADE UNIVERSITARIA</Bairro><CodigoMunicipio>3304557</CodigoMunicipio><Uf>RJ</Uf></Endereco><Contato><Telefone>1139083561</Telefone><Email>nfserv.br@siemens.com</Email></Contato></PrestadorServico><TomadorServico><IdentificacaoTomador><CpfCnpj><Cnpj>33592510000154</Cnpj></CpfCnpj><InscricaoMunicipal>552798</InscricaoMunicipal></IdentificacaoTomador><RazaoSocial>VALE SA</RazaoSocial><Endereco><Endereco>PRA BOTAFOGO 186, SALAS 701 A 1901</Endereco><Numero>186</Numero><Complemento>SALAS 701 A 1901</Complemento><Bairro>BOTAFOGO</Bairro><CodigoMunicipio>3304557</CodigoMunicipio><Uf>RJ</Uf><Cep>22250145</Cep></Endereco><Contato><Telefone>2134856548</Telefone><Email>nfe@vale.com</Email></Contato></TomadorServico><OrgaoGerador><CodigoMunicipio>3304557</CodigoMunicipio><Uf>RJ</Uf></OrgaoGerador><ConstrucaoCivil><CodigoObra>COI</CodigoObra><Art>COI</Art></ConstrucaoCivil></InfNfse></Nfse></CompNfse>
</ListaNfse></ConsultarNfseResposta>
