﻿<?xml version="1.0" encoding="UTF-8" ?><ConsultarNfseResposta xmlns:xsi="http://www.w3.org/2001/XMLSchema-instance" xmlns:xsd="http://www.w3.org/2001/XMLSchema" xmlns="http://www.abrasf.org.br/ABRASF/arquivos/nfse.xsd"><ListaNfse>
<CompNfse><Nfse><InfNfse><Numero>38686</Numero><CodigoVerificacao>ZJWW-KGBT</CodigoVerificacao><DataEmissao>2018-03-01T14:38:54</DataEmissao><IdentificacaoRps><Numero>38686</Numero><Serie /><Tipo>1</Tipo></IdentificacaoRps><DataEmissaoRps>2018-02-28</DataEmissaoRps><NaturezaOperacao>1</NaturezaOperacao><OptanteSimplesNacional>2</OptanteSimplesNacional><IncentivadorCultural>2</IncentivadorCultural><Competencia>2018-02-28T00:00:00</Competencia><Servico><Valores><ValorServicos>21284.93</ValorServicos><ValorPis>138.35</ValorPis><ValorCofins>638.55</ValorCofins><ValorIr>319.27</ValorIr><ValorCsll>212.85</ValorCsll><IssRetido>2</IssRetido><ValorIss>1064.24</ValorIss><BaseCalculo>21284.93</BaseCalculo><Aliquota>0.05</Aliquota><ValorLiquidoNfse>19975.91</ValorLiquidoNfse></Valores><ItemListaServico>1701</ItemListaServico><CodigoTributacaoMunicipio>170101</CodigoTributacaoMunicipio><Discriminacao>DISCRIMINACAO DOS SERVICOS                                              VALOR DOS SERVICOS
ASSESSORIA                                                                     R$ 21284.93

Prestação de Serviços de Coordenação e Controle da Operação dos Sistemas Elétricos Interligados
e da Administração dos Serviços de Transmissão prestados pelas Concessionárias de Transmissão
no período de 01/02/2018 a 29/02/2018  conforme Relatorio de Voto - Resolução 671 de 24/06/0


VALOR LIQUIDO:           R$ 19975.91
</Discriminacao><CodigoMunicipio>3304557</CodigoMunicipio></Servico><PrestadorServico><IdentificacaoPrestador><Cnpj>02831210000238</Cnpj><InscricaoMunicipal>2555450</InscricaoMunicipal></IdentificacaoPrestador><RazaoSocial>OPERADOR NACIONAL DO SISTEMA ELETRICO ONS</RazaoSocial><NomeFantasia>ONS</NomeFantasia><Endereco><Endereco>RUA JULIO DO CARMO 251</Endereco><Numero>251</Numero><Bairro>CIDADE NOVA</Bairro><CodigoMunicipio>3304557</CodigoMunicipio><Uf>RJ</Uf><Cep>20211160</Cep></Endereco><Contato><Telefone>34449637</Telefone><Email>financeiro@ons.org.br</Email></Contato></PrestadorServico><TomadorServico><IdentificacaoTomador><CpfCnpj><Cnpj>33592510042400</Cnpj></CpfCnpj></IdentificacaoTomador><RazaoSocial>VALE S.A.</RazaoSocial><Endereco><Endereco>RUA Av. dos Portugueses s/nº, Praia do Boqueirão</Endereco><Numero>s/nº</Numero><Complemento>Praia do Boqueirão</Complemento><Bairro>Itaqui</Bairro><CodigoMunicipio>2111300</CodigoMunicipio><Uf>MA</Uf><Cep>65085580</Cep></Endereco><Contato><Email>faturas.cust@vale.com</Email></Contato></TomadorServico><OrgaoGerador><CodigoMunicipio>3304557</CodigoMunicipio><Uf>RJ</Uf></OrgaoGerador></InfNfse></Nfse></CompNfse>
</ListaNfse></ConsultarNfseResposta>
