﻿<?xml version="1.0" encoding="UTF-8" ?><ConsultarNfseResposta xmlns:xsi="http://www.w3.org/2001/XMLSchema-instance" xmlns:xsd="http://www.w3.org/2001/XMLSchema" xmlns="http://www.abrasf.org.br/ABRASF/arquivos/nfse.xsd"><ListaNfse>
<CompNfse><Nfse><InfNfse><Numero>38622</Numero><CodigoVerificacao>MURX-GWLT</CodigoVerificacao><DataEmissao>2018-03-01T14:38:54</DataEmissao><IdentificacaoRps><Numero>38622</Numero><Serie /><Tipo>1</Tipo></IdentificacaoRps><DataEmissaoRps>2018-02-28</DataEmissaoRps><NaturezaOperacao>1</NaturezaOperacao><OptanteSimplesNacional>2</OptanteSimplesNacional><IncentivadorCultural>2</IncentivadorCultural><Competencia>2018-02-28T00:00:00</Competencia><Servico><Valores><ValorServicos>44854.08</ValorServicos><ValorPis>291.55</ValorPis><ValorCofins>1345.62</ValorCofins><ValorIr>672.81</ValorIr><ValorCsll>448.54</ValorCsll><IssRetido>2</IssRetido><ValorIss>2242.7</ValorIss><BaseCalculo>44854.08</BaseCalculo><Aliquota>0.05</Aliquota><ValorLiquidoNfse>42095.56</ValorLiquidoNfse></Valores><ItemListaServico>1701</ItemListaServico><CodigoTributacaoMunicipio>170101</CodigoTributacaoMunicipio><Discriminacao>DISCRIMINACAO DOS SERVICOS                                              VALOR DOS SERVICOS
ASSESSORIA                                                                     R$ 44854.08

Prestação de Serviços de Coordenação e Controle da Operação dos Sistemas Elétricos Interligados
e da Administração dos Serviços de Transmissão prestados pelas Concessionárias de Transmissão
no período de 01/02/2018 a 29/02/2018  conforme Relatorio de Voto - Resolução 671 de 24/06/0


VALOR LIQUIDO:           R$ 42095.56
</Discriminacao><CodigoMunicipio>3304557</CodigoMunicipio></Servico><PrestadorServico><IdentificacaoPrestador><Cnpj>02831210000238</Cnpj><InscricaoMunicipal>2555450</InscricaoMunicipal></IdentificacaoPrestador><RazaoSocial>OPERADOR NACIONAL DO SISTEMA ELETRICO ONS</RazaoSocial><NomeFantasia>ONS</NomeFantasia><Endereco><Endereco>RUA JULIO DO CARMO 251</Endereco><Numero>251</Numero><Bairro>CIDADE NOVA</Bairro><CodigoMunicipio>3304557</CodigoMunicipio><Uf>RJ</Uf><Cep>20211160</Cep></Endereco><Contato><Telefone>34449637</Telefone><Email>financeiro@ons.org.br</Email></Contato></PrestadorServico><TomadorServico><IdentificacaoTomador><CpfCnpj><Cnpj>33592510007590</Cnpj></CpfCnpj></IdentificacaoTomador><RazaoSocial>VALE S.A</RazaoSocial><Endereco><Endereco>RUA Est Vicinal Picadao S/Nº, Km 22 Parte</Endereco><Numero>S/Nº</Numero><Complemento>Km 22 Parte</Complemento><Bairro>Zona Rural</Bairro><CodigoMunicipio>1505437</CodigoMunicipio><Uf>PA</Uf><Cep>68390000</Cep></Endereco><Contato><Email>faturas.cust@vale.com</Email></Contato></TomadorServico><OrgaoGerador><CodigoMunicipio>3304557</CodigoMunicipio><Uf>RJ</Uf></OrgaoGerador></InfNfse></Nfse></CompNfse>
</ListaNfse></ConsultarNfseResposta>
